"s3_benchmark","s4_benchmark_ws","s4_benchmark_s","s4_benchmark_w","s5a_benchmark_ws","s5a_benchmark_s","s5a_benchmark_w","s5b_benchmark_ws","s5b_benchmark_s","s5b_benchmark_w"
18354.7579727062,0.061158140363306,0.0016198206191416,0.00427008262242547,0.1065965339832,0.008135732550482,0.0123364384049287,0.101110262240909,0.00745876094631257,0.0121537529094412
