"s3_benchmark","s4_benchmark_ws","s4_benchmark_ws_sum","s4_benchmark_joint","s4_benchmark_s","s4_benchmark_w","s5a_benchmark_ws","s5a_benchmark_ws_sum","s5a_benchmark_joint","s5a_benchmark_s","s5a_benchmark_w","s5b_benchmark_ws","s5b_benchmark_ws_sum","s5b_benchmark_joint","s5b_benchmark_s","s5b_benchmark_w"
18354.7579727062,0.0123865338109901,0.00852827701344246,0.0139654350031474,0.0016198206191416,0.00427008262242547,0.0221075464035853,0.0197640124899644,0.0252449293750708,0.008135732550482,0.0123364384049287,0.0203810004995083,0.0203810004995083,0.022029813061669,0.00745876094631257,0.0121537529094412
