"","s3_benchmark","s4_benchmark_ws","s4_benchmark_s","s4_benchmark_w","s5a_benchmark_ws","s5a_benchmark_s","s5a_benchmark_w"
"1",18354.7579727062,0.00849397294312143,0.0070590878956786,0.0188601358234274,0.0120215619272369,0.039572805611389,0.0585062840368051
